Aarav Mehta,9195478104
Aarav Singh,8480660781
Aditya Patel,7144229485
Aditya Smith,7650072448
Alexander Davis,7103972677
Alexander Gupta,9712955705
Alexander Johnson,9950580084
Alexander Miller,9256455927
Amelia Brown,7216499065
Amelia Davis,7022988318
Amelia Williams,9398565918
Ananya Brown,8115267262
Ananya Davis,8290680319
Ananya Johnson,7754008958
Ananya Jones,9540399036
Ananya Mehta,9178461989
Arjun Davis,7807398882
Arjun Miller,9188284372
Arjun Verma,7632073568
Arjun Williams,8919192147
Ava Jain,8491810458
Ava Martinez,9776306338
Ava Singh,9956365163
Benjamin Patel,9963502456
Charlotte Patel,8465797626
Elijah Jones,9387621024
Elijah Patel,7485733168
Elijah Rodriguez,7728645911
Emma Davis,8695986758
Harper Jain,9418478274
Harper Reddy,7202235126
Harper Smith,9243408379
Henry Rodriguez,7873037894
Isabella Jones,9778424367
Isabella Martinez,9141603506
Isabella Sharma,7812343829
Isha Davis,8200593676
Isha Kumar,7910116526
Ishaan Gupta,8167189103
Ishaan Miller,9939158263
James Martinez,9619734353
James Mehta,8819687479
Kavya Patel,8697485329
Kavya Rodriguez,8824630812
Khushi Gupta,8387209074
Khushi Kumar,7664702635
Khushi Rodriguez,8539534327
Khushi Sharma,8157124795
Khushi Singh,8982337100
Khushi Verma,8618485441
Krishna Johnson,7281045618
Krishna Patel,8025456739
Krishna Sharma,8893667922
Krishna Williams,9025146402
Liam Reddy,8746976694
Liam Verma,9212107589
Liam Williams,8166954004
Lucas Martinez,8602685078
Lucas Reddy,9074691564
Lucas Verma,7443114464
Mia Kumar,9002178808
Myra Davis,8413767259
Myra Mehta,8840677304
Noah Mehta,7994184752
Noah Sharma,8925395882
Noah Singh,8372078568
Oliver Martinez,8535543165
Oliver Reddy,7843493976
Olivia Kumar,7405588454
Olivia Reddy,9189072630
Olivia Sharma,8883377800
Olivia Williams,9622097711
Pari Davis,8907231557
Pari Gupta,7163645264
Pari Verma,9089614356
Pihu Kumar,8643981332
Pihu Patel,9296256706
Pihu Sharma,8897282127
Reyansh Davis,9610607031
Reyansh Johnson,8342783521
Riya Brown,8928840726
Riya Kumar,9998370546
Riya Martinez,9236364693
Saanvi Miller,9208934193
Saanvi Patel,8125339655
Saanvi Williams,9140449034
Sai Davis,7806593311
Sai Garcia,8026903972
Sai Rodriguez,9228319081
Sai Williams,7571813750
Shaurya Jain,8075747515
Shaurya Johnson,9078549044
Shaurya Reddy,9174831165
Sophia Mehta,9395460786
Sophia Patel,9724234404
Sophia Reddy,9296400473
Vihaan Patel,7555313678
Vihaan Singh,9023151483
Vivaan Davis,9375889866
Vivaan Kumar,7666027931Aryan ,1234567890
